,words,counts
0,rt,568
1,relyanceai,538
2,action,5
3,california,78
4,attorney,47
5,general,273
6,show,597
7,enforcement,218
8,cosmetic,132
9,learn,378
10,public,512
11,acti,4
12,join,356
13,idology,315
14,aitenovarica,18
15,october,458
16,numberth,447
17,hear,297
18,key,364
19,insight,336
20,late,369
21,consumer,119
22,trend,676
23,annual,30
24,digital,189
25,identity,313
26,survey,637
27,register,534
28,today,670
29,https,310
30,co,102
31,numberuqgonumberxfwn,448
32,customerexperience,151
33,digitalidentity,191
34,privacy,495
35,rcrrvxkypnumber,528
36,act,3
37,ccpa,87
38,inform,331
39,good,280
40,practice,488
41,go,278
42,forward,263
43,unumberhzbnnnumber,688
44,dataprivacy,164
45,cvtnumberdozcnumberv,152
46,deanhager,168
47,welcome,712
48,zecops,730
49,jamfsoftware,349
50,family,248
51,thrill,661
52,opportunity,465
53,work,721
54,provide,510
55,organization,467
56,sound,613
57,like,383
58,comprehensive,111
59,datum,165
60,table,639
61,massachusetts,406
62,number,437
63,scppjyttonumber,579
64,cinqnqoowd,96
65,employee,213
66,bnumberb,70
67,exemptions,241
68,expire,243
69,january,350
70,ayeuwebnju,54
71,jdsupra,352
72,kattenlaw,360
73,boofla,72
74,supercomputing,635
75,awscloud,53
76,obviously,457
77,nsagov,436
78,system,638
79,probably,500
80,well,714
81,find,254
82,client,100
83,holomorphic,307
84,encoding,214
85,exactly,235
86,crunch,141
87,april,40
88,amendment,23
89,cdpa,88
90,pass,473
91,bill,68
92,add,8
93,new,431
94,exemption,240
95,right,560
96,delete,180
97,modify,420
98,law,370
99,definition,179
100,nonprofit,434
101,repeal,542
102,fund,268
103,provision,511
104,bnumbergkumbuonumber,71
105,facebook,244
106,agree,14
107,settle,593
108,cambridge,79
109,analytica,27
110,lawsuit,372
111,year,727
112,old,461
113,case,81
114,allege,20
115,company,106
116,violate,701
117,share,594
118,user,694
119,personal,477
120,party,472
121,bfyjwnumbervqgo,65
122,mofollp,421
123,tech,643
124,step,630
125,enhance,220
126,reproductiveright,544
127,tip,667
128,identify,312
129,pregnant,489
130,people,474
131,webinar,711
132,choice,94
133,way,709
134,protect,507
135,thurs,662
136,sept,587
137,pm,481
138,et,228
139,free,265
140,numbersnumberqpnumberzkth,445
141,speakers,618
142,danielsolove,157
143,christineelyon,95
144,troysauro,677
145,build,75
146,aware,51
147,culture,146
148,training,674
149,prioritize,494
150,preserve,490
151,customer,150
152,start,626
153,continue,123
154,read,529
155,qprjrgziqc,519
156,mcmznlwybk,408
157,despite,185
158,grand,283
159,gesture,276
160,claim,97
161,value,696
162,publisher,514
163,dare,158
164,walk,708
165,talk,640
166,kudo,367
167,karthic,358
168,bala,58
169,redventures,533
170,core,129
171,secondary,582
172,evnumberhljkesw,232
173,zfpgcrvwjnumber,732
174,retweet,556
175,select,586
176,kmocqtfijb,366
177,team,642
178,shared,595
179,responsibility,552
180,health,296
181,increasingly,327
182,connect,116
183,world,723
184,world_new,724
185,numbergpklnumbergpc,442
186,numberiknumberbbnumberanumbero,443
187,bi,66
188,partisan,471
189,pro,499
190,competition,107
191,forbes,262
192,dtntqmnumberdeo,201
193,numberzilvaujap,452
194,legislature,382
195,punts,516
196,data,161
197,national,428
198,review,558
199,ujzqligqnumberr,683
200,ojmwcnumberlrf,460
201,siliconlabs,599
202,concern,112
203,smarthome,605
204,space,615
205,matter,407
206,defense,177
207,wide,716
208,variety,698
209,thre,659
210,uschamber,693
211,sean,581
212,heather,298
213,aicoa,16
214,raise,523
215,major,400
216,diverse,195
217,industry,328
218,group,286
219,political,484
220,spectrum,622
221,impact,320
222,issue,346
223,security,584
224,benefit,63
225,america,24
226,economic,204
227,competitiveness,108
228,ejjnumberaxnumberh,209
229,breach,74
230,numberwjzonumberflfu,450
231,rootconf,566
232,hasprivacy,294
233,host,309
234,twitter,681
235,session,590
236,monday,422
237,september,588
238,consu,118
239,timely,665
240,advice,12
241,ftc,266
242,identitytheft,314
243,darkweb,160
244,email,210
245,say,578
246,info,330
247,sale,573
248,dark,159
249,web,710
250,numbercnumbereeabfvnumber,440
251,decimation,172
252,worker,722
253,removal,540
254,safeguard,572
255,stop,631
256,reckess,531
257,behaviour,62
258,financial,253
259,annihilation,29
260,gutting,288
261,welfare,713
262,state,627
263,service,589
264,dystopian,202
265,vision,703
266,great,284
267,mobile,417
268,deliver,181
269,simple,600
270,technology,645
271,snumberutnumbercnumberkzw,609
272,motto,424
273,story,632
274,time,664
275,click,99
276,accept,0
277,reject,536
278,app,33
279,advertiser,11
280,hipaa,303
281,ebdfennumbervrd,203
282,threat,660
283,tszznumberrnumberqqf,679
284,iot,342
285,iotsecurity,343
286,cc,86
287,csaiot,145
288,gdgnumberoocuqj,270
289,information,332
290,onumberjninumberbdtu,463
291,jeffermangels,354
292,numberdavidclarke,441
293,impac,319
294,lt,395
295,seek,585
296,attack,45
297,actonline,6
298,association,43
299,tweet,680
300,hard,292
301,fact,245
302,remain,539
303,unanswered,685
304,ignore,318
305,downplay,198
306,numberurnumberidcnumberz,449
307,personalization,478
308,fit,256
309,anonymous,31
310,cookie,127
311,future,269
312,advanced,10
313,algorithm,19
314,merchant,414
315,intelligent,338
316,accurate,1
317,recommendation,532
318,base,59
319,site,601
320,detail,186
321,rtouchpoints,569
322,yitqkxtowd,728
323,baxjnumberlnwonumber,61
324,aminsart,25
325,vanessajaye,697
326,cbouzy,85
327,have,295
328,gdpr,271
329,declaration,174
330,eu,230
331,statement,628
332,ignorance,317
333,cus,149
334,count,134
335,violation,702
336,enter,221
337,era,226
338,internet,340
339,center,90
340,main,397
341,consciousness,117
342,social,610
343,medium,412
344,exchange,236
345,model,418
346,long,391
347,assumed,44
348,default,175
349,engage,219
350,online,462
351,united,687
352,states,629
353,jeffer,353
354,mangels,402
355,butler,77
356,amp,26
357,mitchell,416
358,llp,386
359,wlbckhthpa,720
360,upflowy,691
361,debate,169
362,give,277
363,power,487
364,control,124
365,rise,561
366,sondesix,611
367,apple,34
368,encourage,215
369,slavery,603
370,definitely,178
371,evil,231
372,big,67
373,anti,32
374,respect,550
375,lock,389
376,ecosystem,206
377,list,385
378,logo,390
379,pfp,479
380,thirdpartydata,656
381,challenging,92
382,source,614
383,rpnumbervrczyvu,567
384,datamanagement,163
385,datacollection,162
386,nocode,433
387,business,76
388,need,429
389,prove,509
390,congress,115
391,court,136
392,excuse,239
393,reason,530
394,price,491
395,increase,326
396,decision,173
397,away,52
398,highway,301
399,robbery,564
400,rape,525
401,rbreich,527
402,fix,257
403,it,347
404,dc,167
405,will,717
406,not,435
407,divide,196
408,rnumberxnumberclysbs,563
409,goinhouse,279
410,hiring,304
411,finance,252
412,pittleman,480
413,associates,42
414,york,729
415,ny,453
416,usa,692
417,fpnumberslvapnumber,264
418,lawjob,371
419,atto,46
420,title,668
421,paper,470
422,retailer,555
423,country,135
424,origin,468
425,influence,329
426,trust,678
427,purchase,517
428,intention,339
429,link,384
430,publish,513
431,research,548
432,ifiujnumberbqkd,316
433,researchpaper,549
434,emeraldglobal,212
435,congratulations,114
436,mctwvnumberqucnumber,409
437,inhouseblog,333
438,tmajnumberqnumberyk,669
439,la,368
440,avoid,50
441,popular,485
442,google,281
443,dropbox,200
444,counsel,133
445,numberxksoshhdy,451
446,lawyer,374
447,think,655
448,censorable,89
449,token,671
450,application,35
451,lnumber,387
452,transact,675
453,uncensorable,686
454,currency,147
455,sanctioned,576
456,person,476
457,entity,222
458,sanctionable,575
459,offense,459
460,eg,208
461,tornado,672
462,cash,82
463,dfat,188
464,australia,48
465,thailand,652
466,history,306
467,collaboration,103
468,span,617
469,professor,502
470,wisit,718
471,permanent,475
472,secretary,583
473,azciviclead,57
474,final,251
475,day,166
476,discussion,194
477,az,55
478,cybersecurity,155
479,network,430
480,thank,653
481,lynndysmith,396
482,meganlynnnumber,413
483,mari,403
484,report,543
485,update,690
486,tiktok,663
487,setting,592
488,puhkfejsav,515
489,salingerprivacy,574
490,dr,199
491,kemp,362
492,important,322
493,question,520
494,compliance,109
495,allow,21
496,profit,503
497,basic,60
498,obligation,455
499,suffer,633
500,teleco,647
501,exact,234
502,sort,612
503,carve,80
504,grlnumbermdnumberg,285
505,cause,84
506,federal,250
507,government,282
508,require,547
509,prophylactic,505
510,defence,176
511,crime,138
512,clever,98
513,criminal,139
514,principle,493
515,assess,41
516,vmswnhnumbertk,704
517,nycexpatmom,454
518,modern,419
519,moral,423
520,panic,469
521,text,650
522,sms,607
523,spam,616
524,the_omnigroove,654
525,leftist,380
526,vote,705
527,dem,182
528,vra,707
529,intact,337
530,sct,580
531,decimate,171
532,epa,225
533,multiple,426
534,ruling,570
535,decide,170
536,involve,341
537,horrific,308
538,democracy,183
539,ralphnader,524
540,cashless,83
541,economy,205
542,discriminate,193
543,low,394
544,income,325
545,rig,559
546,derekmartin,184
547,ken_wheeler,363
548,expert,242
549,historically,305
550,appreciate,37
551,approach,38
552,device,187
553,cloud,101
554,cryptography,144
555,generally,274
556,robust,565
557,focus,259
558,ianacse,311
559,cybersec,154
560,times,666
561,telecommute,648
562,numbersvkabnumberl,446
563,lawtwitter,373
564,iuqiejokzr,348
565,numberittzxgjdnumber,444
566,jouwbaan,357
567,vacature,695
568,principal,492
569,technical,644
570,product,501
571,manager,401
572,emea,211
573,xorxunumberdoy,725
574,follow,261
575,uberseeker,682
576,change,93
577,amazon,22
578,lobbyist,388
579,kill,365
580,protection,508
581,jcqnumbercesdai,351
582,specialreports,619
583,specifically,620
584,exclude,238
585,include,324
586,address,9
587,age,13
588,gender,272
589,race,521
590,religion,537
591,medical,411
592,disability,192
593,biometric,69
594,etc,229
595,spies,623
596,functionality,267
597,insecurity,335
598,android,28
599,spyware,624
600,apps,39
601,azapmxupzy,56
602,kaspersky,359
603,portfolio,486
604,aim,17
605,lean,377
606,safe,571
607,flexible,258
608,cyber,153
609,whilst,715
610,legalscholar,381
611,confeerence,113
612,efficient,207
613,markets,405
614,taxation,641
615,uodznumberzppiy,689
616,thorkadnumber,657
617,sizzledpnumber,602
618,lordielfc,392
619,policy,483
620,ironic,345
621,specify,621
622,request,546
623,remove,541
624,comply,110
625,wjomawpnxnumber,719
626,mainstreetweet,399
627,msa,425
628,sign,598
629,trade,673
630,commission,105
631,challenge,91
632,propose,506
633,acquisition,2
634,irobot,344
635,cor,128
636,impactexchange,321
637,faith,247
638,responsible,553
639,ai,15
640,hinge,302
641,establish,227
642,th,651
643,corporation,131
644,endanger,217
645,fair,246
646,open,464
647,market,404
648,jeopardize,355
649,lefcxnumbereeenumber,379
650,zfdnumberwgqcxnumber,731
651,lead,376
652,growth,287
653,responsibleai,554
654,vdinumberncvabp,699
655,dnumberkbbknumbereei,197
656,create,137
657,point,482
658,help,299
659,smb,606
660,consumerdata,120
661,privacypolicy,497
662,program,504
663,helps,300
664,shield,596
665,fine,255
666,reputational,545
667,damage,156
668,vghrnumberxyraj,700
669,consumerdataprivacy,121
670,consumerprivacy,122
671,privacyregulation,498
672,privacycompliance,496
673,qbhknbplgx,518
674,zznumbernnumbervdscj,733
675,inhousecounsel,334
676,corporatecounsel,130
677,geopolitical,275
678,tension,649
679,mean,410
680,suite,634
681,risk,562
682,ewrzbtenumberpw,233
683,numberachvnumberurv,438
684,apply,36
685,xxznumberhmnumberumi,726
686,vpn,706
687,ldfrskucsq,375
688,currently,148
689,available,49
690,uk,684
691,gwvunumberunumbermnumber,289
692,lot,393
693,conversation,125
694,happen,291
695,regulation,535
696,brand,73
697,respond,551
698,miss,415
699,critical,140
700,conversion,126
701,rate,526
702,optimization,466
703,gxicycjqrm,290
704,nnumbertlnumberfnumbertjz,432
705,digitaldutta,190
706,squ,625
707,benumberrsdpkyl,64
708,enumbernyynjkwp,224
709,sankarshan,577
710,mainstream,398
711,end,216
712,thormaximalist,658
713,impressed,323
714,session_app,591
715,crypto,143
716,rail,522
717,nathanbaughnumber,427
718,surpass,636
719,numberb,439
720,revenue,557
721,ad,7
722,crush,142
723,fb,249
724,snap,608
725,small,604
726,folk,260
727,keen,361
728,observer,456
729,hasgeek,293
730,enumberkcafmnumbera,223
731,tejasipanjiar,646
732,excited,237
733,come,104
